{
"lengthUnit": "mil",
"remark": ["fly_line"],
"components": {
	"fields": ["COMPONENT_NO", "COMPONENT_NAME", "LAYER", "X_COORDINATE", "Y_COORDINATE", "ANGLE"],
	"rows": [
		[1, "C1", "T", 1050, -230, 0],
		[2, "C2", "B", 135, -655, 180],
		[3, "C3", "T", 1180, -365, 180],
		[4, "C4", "B", 1180, -365, 180],
		[5, "C5", "T", 1480.12, -530, 180],
		[6, "C6", "B", 1480, -530, 180],
		[7, "C7", "T", 1035, -870, 0],
		[8, "C8", "B", 1035, -870, 0],
		[9, "C9", "T", 913.8363, -700.5084, 180],
		[10, "C10", "B", 914.0175, -700.5985, 180],
		[11, "H1", "T", 1607.0378, -305.3344, 90],
		[12, "H2", "T", 1359.2028, -50.3344, 0],
		[13, "R1", "T", 1055, -150, 0],
		[14, "R2", "B", 135, -740, 180],
		[15, "R3", "T", 1180, -290, 180],
		[16, "R4", "B", 1180, -290, 180],
		[17, "R5", "T", 1479.32, -605, 180],
		[18, "R6", "B", 1480, -605, 180],
		[19, "R7", "T", 1035, -790, 0],
		[20, "R8", "B", 1035, -790, 0],
		[21, "R9", "T", 847.4593, -768.8584, 180],
		[22, "R10", "B", 847.7195, -768.2061, 180],
		[23, "SW1", "T", 950, -465, 0],
		[24, "SW2", "T", 1265, -775, 270],
		[25, "SW3", "T", 950, -1090, 180],
		[26, "SW4", "T", 640, -775, 270],
		[27, "SW5", "B", 950, -465, 0],
		[28, "SW6", "B", 1265, -775, 270],
		[29, "SW7", "B", 950, -1090, 180],
		[30, "SW8", "B", 640, -775, 270],
		[31, "SW11", "T", 805, -305, 210],
		[32, "SW12", "B", 380, -550, 30],
		[33, "PAD1", "B", 1068.11, -465, 0],
		[34, "PAD2", "B", 831.89, -465, 0],
		[35, "PAD3", "B", 1265, -893.11, 0],
		[36, "PAD4", "B", 1265, -656.89, 0],
		[37, "PAD5", "B", 831.89, -1090, 0],
		[38, "PAD6", "B", 1068.11, -1090, 0],
		[39, "PAD7", "T", 1084.66, -150, 0],
		[40, "PAD8", "T", 1025.34, -150, 0],
		[41, "PAD9", "B", 105.34, -740, 0],
		[42, "PAD10", "B", 164.66, -740, 0],
		[43, "PAD11", "B", 640, -893.11, 0],
		[44, "PAD12", "B", 640, -656.89, 0],
		[45, "PAD13", "T", 1109.2028, -50.3344, 0],
		[46, "PAD13", "T", 1109.2028, -50.3344, 0],
		[47, "PAD14", "T", 1209.2028, -50.3344, 0],
		[48, "PAD14", "T", 1209.2028, -50.3344, 0],
		[49, "PAD15", "T", 1309.2028, -50.3344, 0],
		[50, "PAD15", "T", 1309.2028, -50.3344, 0],
		[51, "PAD16", "T", 1409.2028, -50.3344, 0],
		[52, "PAD16", "T", 1409.2028, -50.3344, 0],
		[53, "PAD17", "T", 1509.2028, -50.3344, 0],
		[54, "PAD17", "T", 1509.2028, -50.3344, 0],
		[55, "PAD18", "T", 1609.2028, -50.3344, 0],
		[56, "PAD18", "T", 1609.2028, -50.3344, 0],
		[57, "PAD19", "T", 1077.56, -230, 0],
		[58, "PAD20", "T", 1022.44, -230, 0],
		[59, "PAD21", "B", 107.44, -655, 0],
		[60, "PAD22", "B", 162.56, -655, 0],
		[61, "PAD23", "T", 1607.0378, -455.3344, 0],
		[62, "PAD23", "T", 1607.0378, -455.3344, 0],
		[63, "PAD24", "T", 1607.0378, -355.3344, 0],
		[64, "PAD24", "T", 1607.0378, -355.3344, 0],
		[65, "PAD25", "T", 1607.0378, -255.3344, 0],
		[66, "PAD25", "T", 1607.0378, -255.3344, 0],
		[67, "PAD26", "T", 1607.0378, -155.3344, 0],
		[68, "PAD26", "T", 1607.0378, -155.3344, 0],
		[69, "PAD27", "T", 857.1119, -218.0904, 0],
		[70, "PAD27", "T", 857.1119, -218.0904, 0],
		[71, "PAD28", "T", 703.6868, -306.6704, 0],
		[72, "PAD28", "T", 703.6868, -306.6704, 0],
		[73, "PAD29", "T", 710.271, -416.5146, 0],
		[74, "PAD29", "T", 710.271, -416.5146, 0],
		[75, "PAD30", "T", 948.939, -278.7196, 0],
		[76, "PAD30", "T", 948.939, -278.7196, 0],
		[77, "PAD31", "T", 278.6781, -551.6754, 0],
		[78, "PAD31", "T", 278.6781, -551.6754, 0],
		[79, "PAD32", "T", 432.1032, -463.0954, 0],
		[80, "PAD32", "T", 432.1032, -463.0954, 0],
		[81, "PAD33", "T", 523.939, -523.7196, 0],
		[82, "PAD33", "T", 523.939, -523.7196, 0],
		[83, "PAD34", "T", 285.271, -661.5146, 0],
		[84, "PAD34", "T", 285.271, -661.5146, 0],
		[85, "PAD35", "T", 1152.44, -365, 0],
		[86, "PAD36", "T", 1207.56, -365, 0],
		[87, "PAD37", "T", 1150.34, -290, 0],
		[88, "PAD38", "T", 1209.66, -290, 0],
		[89, "PAD39", "T", 1449.66, -605, 0],
		[90, "PAD40", "T", 1508.98, -605, 0],
		[91, "PAD41", "T", 1452.56, -530, 0],
		[92, "PAD42", "T", 1507.68, -530, 0],
		[93, "PAD43", "T", 1064.66, -790, 0],
		[94, "PAD44", "T", 1005.34, -790, 0],
		[95, "PAD45", "T", 1062.56, -870, 0],
		[96, "PAD46", "T", 1007.44, -870, 0],
		[97, "PAD47", "T", 817.7993, -768.8584, 0],
		[98, "PAD48", "T", 877.1193, -768.8584, 0],
		[99, "PAD49", "T", 886.2763, -700.5084, 0],
		[100, "PAD50", "T", 941.3963, -700.5084, 0],
		[101, "PAD51", "B", 1150.34, -290, 0],
		[102, "PAD52", "B", 1209.66, -290, 0],
		[103, "PAD53", "T", 1265, -893.11, 0],
		[104, "PAD54", "T", 1265, -656.89, 0],
		[105, "PAD55", "T", 1068.11, -465, 0],
		[106, "PAD56", "T", 831.89, -465, 0],
		[107, "PAD57", "T", 640, -893.11, 0],
		[108, "PAD58", "T", 640, -656.89, 0],
		[109, "PAD59", "T", 831.89, -1090, 0],
		[110, "PAD60", "T", 1068.11, -1090, 0],
		[111, "PAD61", "B", 1152.44, -365, 0],
		[112, "PAD62", "B", 1207.56, -365, 0],
		[113, "PAD63", "B", 1450.34, -605, 0],
		[114, "PAD64", "B", 1509.66, -605, 0],
		[115, "PAD65", "B", 1452.44, -530, 0],
		[116, "PAD66", "B", 1507.56, -530, 0],
		[117, "PAD67", "B", 1062.56, -870, 0],
		[118, "PAD68", "B", 1007.44, -870, 0],
		[119, "PAD69", "B", 1064.66, -790, 0],
		[120, "PAD70", "B", 1005.34, -790, 0],
		[121, "PAD71", "B", 818.0595, -768.2061, 0],
		[122, "PAD72", "B", 877.3795, -768.2061, 0],
		[123, "PAD73", "B", 886.4575, -700.5985, 0],
		[124, "PAD74", "B", 941.5775, -700.5985, 0]
	]
},
"pins": {
	"fields": ["PIN_NO", "PIN_NAME", "PIN_X", "PIN_Y", "LAYER", "PIN_TYPE", "NET_NAME", "NET_TYPE", "PAD_SHAPE", "PAD_SIZEX", "PAD_SIZEY", "HOLE_SIZE", "HOLE_LEN", "PAD_ANGLE"],
	"rows": [
		[1, "C1_1", 1022.44, -230, "T", "SMD", "NET_1", "", "R", 31.496, 35.433, 0, 0, 0],
		[2, "C1_2", 1077.56, -230, "T", "SMD", "VCC", "", "R", 31.496, 35.433, 0, 0, 0],
		[3, "C2_1", 162.56, -655, "B", "SMD", "NET_2", "", "R", 31.496, 35.433, 0, 0, 180],
		[4, "C2_2", 107.44, -655, "B", "SMD", "VCC", "", "R", 31.496, 35.433, 0, 0, 180],
		[5, "C3_1", 1207.56, -365, "T", "SMD", "BUTTON1", "", "R", 31.496, 35.433, 0, 0, 180],
		[6, "C3_2", 1152.44, -365, "T", "SMD", "VCC", "", "R", 31.496, 35.433, 0, 0, 180],
		[7, "C4_1", 1207.56, -365, "B", "SMD", "BUTTON1", "", "R", 31.496, 35.433, 0, 0, 180],
		[8, "C4_2", 1152.44, -365, "B", "SMD", "VCC", "", "R", 31.496, 35.433, 0, 0, 180],
		[9, "C5_1", 1507.68, -530, "T", "SMD", "BUTTON2", "", "R", 31.496, 35.433, 0, 0, 180],
		[10, "C5_2", 1452.56, -530, "T", "SMD", "VCC", "", "R", 31.496, 35.433, 0, 0, 180],
		[11, "C6_1", 1507.56, -530, "B", "SMD", "BUTTON2", "", "R", 31.496, 35.433, 0, 0, 180],
		[12, "C6_2", 1452.44, -530, "B", "SMD", "VCC", "", "R", 31.496, 35.433, 0, 0, 180],
		[13, "C7_1", 1007.44, -870, "T", "SMD", "BUTTON3", "", "R", 31.496, 35.433, 0, 0, 0],
		[14, "C7_2", 1062.56, -870, "T", "SMD", "VCC", "", "R", 31.496, 35.433, 0, 0, 0],
		[15, "C8_1", 1007.44, -870, "B", "SMD", "BUTTON3", "", "R", 31.496, 35.433, 0, 0, 0],
		[16, "C8_2", 1062.56, -870, "B", "SMD", "VCC", "", "R", 31.496, 35.433, 0, 0, 0],
		[17, "C9_1", 941.3963, -700.5084, "T", "SMD", "BUTTON4", "", "R", 31.496, 35.433, 0, 0, 180],
		[18, "C9_2", 886.2763, -700.5084, "T", "SMD", "VCC", "", "R", 31.496, 35.433, 0, 0, 180],
		[19, "C10_1", 941.5775, -700.5985, "B", "SMD", "BUTTON4", "", "R", 31.496, 35.433, 0, 0, 180],
		[20, "C10_2", 886.4575, -700.5985, "B", "SMD", "VCC", "", "R", 31.496, 35.433, 0, 0, 180],
		[21, "H1_1", 1607.0378, -455.3344, "T", "DIP", "VCC", "", "R", 66.929, 66.929, 43.308, 43.308, 90],
		[22, "H1_1", 1607.0378, -455.3344, "T", "DIP", "VCC", "", "R", 66.929, 66.929, 43.308, 43.308, 90],
		[23, "H1_2", 1607.0378, -355.3344, "T", "DIP", "NET_1", "", "C", 66.929, 66.929, 43.308, 43.308, 90],
		[24, "H1_2", 1607.0378, -355.3344, "T", "DIP", "NET_1", "", "C", 66.929, 66.929, 43.308, 43.308, 90],
		[25, "H1_3", 1607.0378, -255.3344, "T", "DIP", "NET_2", "", "C", 66.929, 66.929, 43.308, 43.308, 90],
		[26, "H1_3", 1607.0378, -255.3344, "T", "DIP", "NET_2", "", "C", 66.929, 66.929, 43.308, 43.308, 90],
		[27, "H1_4", 1607.0378, -155.3344, "T", "DIP", "GND", "GND", "C", 66.929, 66.929, 43.308, 43.308, 90],
		[28, "H1_4", 1607.0378, -155.3344, "T", "DIP", "GND", "GND", "C", 66.929, 66.929, 43.308, 43.308, 90],
		[29, "H2_1", 1109.2028, -50.3344, "T", "DIP", "VCC", "", "R", 66.929, 66.929, 43.308, 43.308, 0],
		[30, "H2_1", 1109.2028, -50.3344, "T", "DIP", "VCC", "", "R", 66.929, 66.929, 43.308, 43.308, 0],
		[31, "H2_2", 1209.2028, -50.3344, "T", "DIP", "BUTTON1", "", "C", 66.929, 66.929, 43.308, 43.308, 0],
		[32, "H2_2", 1209.2028, -50.3344, "T", "DIP", "BUTTON1", "", "C", 66.929, 66.929, 43.308, 43.308, 0],
		[33, "H2_3", 1309.2028, -50.3344, "T", "DIP", "BUTTON4", "", "C", 66.929, 66.929, 43.308, 43.308, 0],
		[34, "H2_3", 1309.2028, -50.3344, "T", "DIP", "BUTTON4", "", "C", 66.929, 66.929, 43.308, 43.308, 0],
		[35, "H2_4", 1409.2028, -50.3344, "T", "DIP", "BUTTON3", "", "C", 66.929, 66.929, 43.308, 43.308, 0],
		[36, "H2_4", 1409.2028, -50.3344, "T", "DIP", "BUTTON3", "", "C", 66.929, 66.929, 43.308, 43.308, 0],
		[37, "H2_5", 1509.2028, -50.3344, "T", "DIP", "BUTTON2", "", "C", 66.929, 66.929, 43.308, 43.308, 0],
		[38, "H2_5", 1509.2028, -50.3344, "T", "DIP", "BUTTON2", "", "C", 66.929, 66.929, 43.308, 43.308, 0],
		[39, "H2_6", 1609.2028, -50.3344, "T", "DIP", "GND", "GND", "C", 66.929, 66.929, 43.308, 43.308, 0],
		[40, "H2_6", 1609.2028, -50.3344, "T", "DIP", "GND", "GND", "C", 66.929, 66.929, 43.308, 43.308, 0],
		[41, "R1_1", 1025.34, -150, "T", "SMD", "NET_1", "", "R", 31.751, 34.016, 0, 0, 0],
		[42, "R1_2", 1084.66, -150, "T", "SMD", "GND", "GND", "R", 31.751, 34.016, 0, 0, 0],
		[43, "R2_1", 164.66, -740, "B", "SMD", "NET_2", "", "R", 31.751, 34.016, 0, 0, 180],
		[44, "R2_2", 105.34, -740, "B", "SMD", "GND", "GND", "R", 31.751, 34.016, 0, 0, 180],
		[45, "R3_1", 1209.66, -290, "T", "SMD", "BUTTON1", "", "R", 31.751, 34.016, 0, 0, 180],
		[46, "R3_2", 1150.34, -290, "T", "SMD", "GND", "GND", "R", 31.751, 34.016, 0, 0, 180],
		[47, "R4_1", 1209.66, -290, "B", "SMD", "BUTTON1", "", "R", 31.751, 34.016, 0, 0, 180],
		[48, "R4_2", 1150.34, -290, "B", "SMD", "GND", "GND", "R", 31.751, 34.016, 0, 0, 180],
		[49, "R5_1", 1508.98, -605, "T", "SMD", "BUTTON2", "", "R", 31.751, 34.016, 0, 0, 180],
		[50, "R5_2", 1449.66, -605, "T", "SMD", "GND", "GND", "R", 31.751, 34.016, 0, 0, 180],
		[51, "R6_1", 1509.66, -605, "B", "SMD", "BUTTON2", "", "R", 31.751, 34.016, 0, 0, 180],
		[52, "R6_2", 1450.34, -605, "B", "SMD", "GND", "GND", "R", 31.751, 34.016, 0, 0, 180],
		[53, "R7_1", 1005.34, -790, "T", "SMD", "BUTTON3", "", "R", 31.751, 34.016, 0, 0, 0],
		[54, "R7_2", 1064.66, -790, "T", "SMD", "GND", "GND", "R", 31.751, 34.016, 0, 0, 0],
		[55, "R8_1", 1005.34, -790, "B", "SMD", "BUTTON3", "", "R", 31.751, 34.016, 0, 0, 0],
		[56, "R8_2", 1064.66, -790, "B", "SMD", "GND", "GND", "R", 31.751, 34.016, 0, 0, 0],
		[57, "R9_1", 877.1193, -768.8584, "T", "SMD", "BUTTON4", "", "R", 31.751, 34.016, 0, 0, 180],
		[58, "R9_2", 817.7993, -768.8584, "T", "SMD", "GND", "GND", "R", 31.751, 34.016, 0, 0, 180],
		[59, "R10_1", 877.3795, -768.2061, "B", "SMD", "BUTTON4", "", "R", 31.751, 34.016, 0, 0, 180],
		[60, "R10_2", 818.0595, -768.2061, "B", "SMD", "GND", "GND", "R", 31.751, 34.016, 0, 0, 180],
		[61, "SW1_1", 831.89, -465, "T", "SMD", "VCC", "", "R", 78.74, 78.74, 0, 0, 0],
		[62, "SW1_2", 1068.11, -465, "T", "SMD", "BUTTON1", "", "R", 78.74, 78.74, 0, 0, 0],
		[63, "SW2_1", 1265, -656.89, "T", "SMD", "VCC", "", "R", 78.74, 78.74, 0, 0, 270],
		[64, "SW2_2", 1265, -893.11, "T", "SMD", "BUTTON2", "", "R", 78.74, 78.74, 0, 0, 270],
		[65, "SW3_1", 1068.11, -1090, "T", "SMD", "VCC", "", "R", 78.74, 78.74, 0, 0, 180],
		[66, "SW3_2", 831.89, -1090, "T", "SMD", "BUTTON3", "", "R", 78.74, 78.74, 0, 0, 180],
		[67, "SW4_1", 640, -656.89, "T", "SMD", "VCC", "", "R", 78.74, 78.74, 0, 0, 270],
		[68, "SW4_2", 640, -893.11, "T", "SMD", "BUTTON4", "", "R", 78.74, 78.74, 0, 0, 270],
		[69, "SW5_1", 831.89, -465, "B", "SMD", "VCC", "", "R", 78.74, 78.74, 0, 0, 0],
		[70, "SW5_2", 1068.11, -465, "B", "SMD", "BUTTON1", "", "R", 78.74, 78.74, 0, 0, 0],
		[71, "SW6_1", 1265, -656.89, "B", "SMD", "VCC", "", "R", 78.74, 78.74, 0, 0, 270],
		[72, "SW6_2", 1265, -893.11, "B", "SMD", "BUTTON2", "", "R", 78.74, 78.74, 0, 0, 270],
		[73, "SW7_1", 1068.11, -1090, "B", "SMD", "VCC", "", "R", 78.74, 78.74, 0, 0, 180],
		[74, "SW7_2", 831.89, -1090, "B", "SMD", "BUTTON3", "", "R", 78.74, 78.74, 0, 0, 180],
		[75, "SW8_1", 640, -656.89, "B", "SMD", "VCC", "", "R", 78.74, 78.74, 0, 0, 270],
		[76, "SW8_2", 640, -893.11, "B", "SMD", "BUTTON4", "", "R", 78.74, 78.74, 0, 0, 270],
		[77, "SW11_1", 857.1119, -218.0904, "T", "DIP", "NET_1", "", "C", 70.866, 70.866, 47.244, 47.244, 210],
		[78, "SW11_1", 857.1119, -218.0904, "T", "DIP", "NET_1", "", "C", 70.866, 70.866, 47.244, 47.244, 210],
		[79, "SW11_2", 703.6868, -306.6704, "T", "DIP", "VCC", "", "C", 70.866, 70.866, 47.244, 47.244, 210],
		[80, "SW11_2", 703.6868, -306.6704, "T", "DIP", "VCC", "", "C", 70.866, 70.866, 47.244, 47.244, 210],
		[81, "SW11_3", 710.271, -416.5146, "T", "DIP", "GND", "GND", "C", 86.614, 86.614, 59.056, 59.056, 210],
		[82, "SW11_3", 710.271, -416.5146, "T", "DIP", "GND", "GND", "C", 86.614, 86.614, 59.056, 59.056, 210],
		[83, "SW11_4", 948.939, -278.7196, "T", "DIP", "GND", "GND", "C", 86.614, 86.614, 59.056, 59.056, 210],
		[84, "SW11_4", 948.939, -278.7196, "T", "DIP", "GND", "GND", "C", 86.614, 86.614, 59.056, 59.056, 210],
		[85, "SW12_1", 278.6781, -551.6754, "T", "DIP", "NET_2", "", "C", 70.866, 70.866, 47.244, 47.244, 30],
		[86, "SW12_1", 278.6781, -551.6754, "T", "DIP", "NET_2", "", "C", 70.866, 70.866, 47.244, 47.244, 30],
		[87, "SW12_2", 432.1032, -463.0954, "T", "DIP", "VCC", "", "C", 70.866, 70.866, 47.244, 47.244, 30],
		[88, "SW12_2", 432.1032, -463.0954, "T", "DIP", "VCC", "", "C", 70.866, 70.866, 47.244, 47.244, 30],
		[89, "SW12_3", 523.939, -523.7196, "T", "DIP", "GND", "GND", "C", 86.614, 86.614, 59.056, 59.056, 30],
		[90, "SW12_3", 523.939, -523.7196, "T", "DIP", "GND", "GND", "C", 86.614, 86.614, 59.056, 59.056, 30],
		[91, "SW12_4", 285.271, -661.5146, "T", "DIP", "GND", "GND", "C", 86.614, 86.614, 59.056, 59.056, 30],
		[92, "SW12_4", 285.271, -661.5146, "T", "DIP", "GND", "GND", "C", 86.614, 86.614, 59.056, 59.056, 30],
		[93, "PAD1_2", 1068.11, -465, "B", "SMD", "BUTTON1", "", "R", 78.74, 78.74, 0, 0, 0],
		[94, "PAD2_1", 831.89, -465, "B", "SMD", "VCC", "", "R", 78.74, 78.74, 0, 0, 0],
		[95, "PAD3_2", 1265, -893.11, "B", "SMD", "BUTTON2", "", "R", 78.74, 78.74, 0, 0, 270],
		[96, "PAD4_1", 1265, -656.89, "B", "SMD", "VCC", "", "R", 78.74, 78.74, 0, 0, 270],
		[97, "PAD5_2", 831.89, -1090, "B", "SMD", "BUTTON3", "", "R", 78.74, 78.74, 0, 0, 180],
		[98, "PAD6_1", 1068.11, -1090, "B", "SMD", "VCC", "", "R", 78.74, 78.74, 0, 0, 180],
		[99, "PAD7_2", 1084.66, -150, "T", "SMD", "GND", "GND", "R", 31.751, 34.016, 0, 0, 0],
		[100, "PAD8_1", 1025.34, -150, "T", "SMD", "NET_1", "", "R", 31.751, 34.016, 0, 0, 0],
		[101, "PAD9_2", 105.34, -740, "B", "SMD", "GND", "GND", "R", 31.751, 34.016, 0, 0, 180],
		[102, "PAD10_1", 164.66, -740, "B", "SMD", "NET_2", "", "R", 31.751, 34.016, 0, 0, 180],
		[103, "PAD11_2", 640, -893.11, "B", "SMD", "BUTTON4", "", "R", 78.74, 78.74, 0, 0, 270],
		[104, "PAD12_1", 640, -656.89, "B", "SMD", "VCC", "", "R", 78.74, 78.74, 0, 0, 270],
		[105, "PAD13_1", 1109.2028, -50.3344, "T", "DIP", "VCC", "", "R", 66.929, 66.929, 43.308, 43.308, 0],
		[106, "PAD13_1", 1109.2028, -50.3344, "T", "DIP", "VCC", "", "R", 66.929, 66.929, 43.308, 43.308, 0],
		[107, "PAD14_2", 1209.2028, -50.3344, "T", "DIP", "BUTTON1", "", "C", 66.929, 66.929, 43.308, 43.308, 0],
		[108, "PAD14_2", 1209.2028, -50.3344, "T", "DIP", "BUTTON1", "", "C", 66.929, 66.929, 43.308, 43.308, 0],
		[109, "PAD15_3", 1309.2028, -50.3344, "T", "DIP", "BUTTON4", "", "C", 66.929, 66.929, 43.308, 43.308, 0],
		[110, "PAD15_3", 1309.2028, -50.3344, "T", "DIP", "BUTTON4", "", "C", 66.929, 66.929, 43.308, 43.308, 0],
		[111, "PAD16_4", 1409.2028, -50.3344, "T", "DIP", "BUTTON3", "", "C", 66.929, 66.929, 43.308, 43.308, 0],
		[112, "PAD16_4", 1409.2028, -50.3344, "T", "DIP", "BUTTON3", "", "C", 66.929, 66.929, 43.308, 43.308, 0],
		[113, "PAD17_5", 1509.2028, -50.3344, "T", "DIP", "BUTTON2", "", "C", 66.929, 66.929, 43.308, 43.308, 0],
		[114, "PAD17_5", 1509.2028, -50.3344, "T", "DIP", "BUTTON2", "", "C", 66.929, 66.929, 43.308, 43.308, 0],
		[115, "PAD18_6", 1609.2028, -50.3344, "T", "DIP", "GND", "GND", "C", 66.929, 66.929, 43.308, 43.308, 0],
		[116, "PAD18_6", 1609.2028, -50.3344, "T", "DIP", "GND", "GND", "C", 66.929, 66.929, 43.308, 43.308, 0],
		[117, "PAD19_2", 1077.56, -230, "T", "SMD", "VCC", "", "R", 31.496, 35.433, 0, 0, 0],
		[118, "PAD20_1", 1022.44, -230, "T", "SMD", "NET_1", "", "R", 31.496, 35.433, 0, 0, 0],
		[119, "PAD21_2", 107.44, -655, "B", "SMD", "VCC", "", "R", 31.496, 35.433, 0, 0, 180],
		[120, "PAD22_1", 162.56, -655, "B", "SMD", "NET_2", "", "R", 31.496, 35.433, 0, 0, 180],
		[121, "PAD23_1", 1607.0378, -455.3344, "T", "DIP", "VCC", "", "R", 66.929, 66.929, 43.308, 43.308, 90],
		[122, "PAD23_1", 1607.0378, -455.3344, "T", "DIP", "VCC", "", "R", 66.929, 66.929, 43.308, 43.308, 90],
		[123, "PAD24_2", 1607.0378, -355.3344, "T", "DIP", "NET_1", "", "C", 66.929, 66.929, 43.308, 43.308, 90],
		[124, "PAD24_2", 1607.0378, -355.3344, "T", "DIP", "NET_1", "", "C", 66.929, 66.929, 43.308, 43.308, 90],
		[125, "PAD25_3", 1607.0378, -255.3344, "T", "DIP", "NET_2", "", "C", 66.929, 66.929, 43.308, 43.308, 90],
		[126, "PAD25_3", 1607.0378, -255.3344, "T", "DIP", "NET_2", "", "C", 66.929, 66.929, 43.308, 43.308, 90],
		[127, "PAD26_4", 1607.0378, -155.3344, "T", "DIP", "GND", "GND", "C", 66.929, 66.929, 43.308, 43.308, 90],
		[128, "PAD26_4", 1607.0378, -155.3344, "T", "DIP", "GND", "GND", "C", 66.929, 66.929, 43.308, 43.308, 90],
		[129, "PAD27_1", 857.1119, -218.0904, "T", "DIP", "NET_1", "", "C", 70.866, 70.866, 47.244, 47.244, 210],
		[130, "PAD27_1", 857.1119, -218.0904, "T", "DIP", "NET_1", "", "C", 70.866, 70.866, 47.244, 47.244, 210],
		[131, "PAD28_2", 703.6868, -306.6704, "T", "DIP", "VCC", "", "C", 70.866, 70.866, 47.244, 47.244, 210],
		[132, "PAD28_2", 703.6868, -306.6704, "T", "DIP", "VCC", "", "C", 70.866, 70.866, 47.244, 47.244, 210],
		[133, "PAD29_3", 710.271, -416.5146, "T", "DIP", "GND", "GND", "C", 86.614, 86.614, 59.056, 59.056, 210],
		[134, "PAD29_3", 710.271, -416.5146, "T", "DIP", "GND", "GND", "C", 86.614, 86.614, 59.056, 59.056, 210],
		[135, "PAD30_4", 948.939, -278.7196, "T", "DIP", "GND", "GND", "C", 86.614, 86.614, 59.056, 59.056, 210],
		[136, "PAD30_4", 948.939, -278.7196, "T", "DIP", "GND", "GND", "C", 86.614, 86.614, 59.056, 59.056, 210],
		[137, "PAD31_1", 278.6781, -551.6754, "T", "DIP", "NET_2", "", "C", 70.866, 70.866, 47.244, 47.244, 30],
		[138, "PAD31_1", 278.6781, -551.6754, "T", "DIP", "NET_2", "", "C", 70.866, 70.866, 47.244, 47.244, 30],
		[139, "PAD32_2", 432.1032, -463.0954, "T", "DIP", "VCC", "", "C", 70.866, 70.866, 47.244, 47.244, 30],
		[140, "PAD32_2", 432.1032, -463.0954, "T", "DIP", "VCC", "", "C", 70.866, 70.866, 47.244, 47.244, 30],
		[141, "PAD33_3", 523.939, -523.7196, "T", "DIP", "GND", "GND", "C", 86.614, 86.614, 59.056, 59.056, 30],
		[142, "PAD33_3", 523.939, -523.7196, "T", "DIP", "GND", "GND", "C", 86.614, 86.614, 59.056, 59.056, 30],
		[143, "PAD34_4", 285.271, -661.5146, "T", "DIP", "GND", "GND", "C", 86.614, 86.614, 59.056, 59.056, 30],
		[144, "PAD34_4", 285.271, -661.5146, "T", "DIP", "GND", "GND", "C", 86.614, 86.614, 59.056, 59.056, 30],
		[145, "PAD35_2", 1152.44, -365, "T", "SMD", "VCC", "", "R", 31.496, 35.433, 0, 0, 180],
		[146, "PAD36_1", 1207.56, -365, "T", "SMD", "BUTTON1", "", "R", 31.496, 35.433, 0, 0, 180],
		[147, "PAD37_2", 1150.34, -290, "T", "SMD", "GND", "GND", "R", 31.751, 34.016, 0, 0, 180],
		[148, "PAD38_1", 1209.66, -290, "T", "SMD", "BUTTON1", "", "R", 31.751, 34.016, 0, 0, 180],
		[149, "PAD39_2", 1449.66, -605, "T", "SMD", "GND", "GND", "R", 31.751, 34.016, 0, 0, 180],
		[150, "PAD40_1", 1508.98, -605, "T", "SMD", "BUTTON2", "", "R", 31.751, 34.016, 0, 0, 180],
		[151, "PAD41_2", 1452.56, -530, "T", "SMD", "VCC", "", "R", 31.496, 35.433, 0, 0, 180],
		[152, "PAD42_1", 1507.68, -530, "T", "SMD", "BUTTON2", "", "R", 31.496, 35.433, 0, 0, 180],
		[153, "PAD43_2", 1064.66, -790, "T", "SMD", "GND", "GND", "R", 31.751, 34.016, 0, 0, 0],
		[154, "PAD44_1", 1005.34, -790, "T", "SMD", "BUTTON3", "", "R", 31.751, 34.016, 0, 0, 0],
		[155, "PAD45_2", 1062.56, -870, "T", "SMD", "VCC", "", "R", 31.496, 35.433, 0, 0, 0],
		[156, "PAD46_1", 1007.44, -870, "T", "SMD", "BUTTON3", "", "R", 31.496, 35.433, 0, 0, 0],
		[157, "PAD47_2", 817.7993, -768.8584, "T", "SMD", "GND", "GND", "R", 31.751, 34.016, 0, 0, 180],
		[158, "PAD48_1", 877.1193, -768.8584, "T", "SMD", "BUTTON4", "", "R", 31.751, 34.016, 0, 0, 180],
		[159, "PAD49_2", 886.2763, -700.5084, "T", "SMD", "VCC", "", "R", 31.496, 35.433, 0, 0, 180],
		[160, "PAD50_1", 941.3963, -700.5084, "T", "SMD", "BUTTON4", "", "R", 31.496, 35.433, 0, 0, 180],
		[161, "PAD51_2", 1150.34, -290, "B", "SMD", "GND", "GND", "R", 31.751, 34.016, 0, 0, 180],
		[162, "PAD52_1", 1209.66, -290, "B", "SMD", "BUTTON1", "", "R", 31.751, 34.016, 0, 0, 180],
		[163, "PAD53_2", 1265, -893.11, "T", "SMD", "BUTTON2", "", "R", 78.74, 78.74, 0, 0, 270],
		[164, "PAD54_1", 1265, -656.89, "T", "SMD", "VCC", "", "R", 78.74, 78.74, 0, 0, 270],
		[165, "PAD55_2", 1068.11, -465, "T", "SMD", "BUTTON1", "", "R", 78.74, 78.74, 0, 0, 0],
		[166, "PAD56_1", 831.89, -465, "T", "SMD", "VCC", "", "R", 78.74, 78.74, 0, 0, 0],
		[167, "PAD57_2", 640, -893.11, "T", "SMD", "BUTTON4", "", "R", 78.74, 78.74, 0, 0, 270],
		[168, "PAD58_1", 640, -656.89, "T", "SMD", "VCC", "", "R", 78.74, 78.74, 0, 0, 270],
		[169, "PAD59_2", 831.89, -1090, "T", "SMD", "BUTTON3", "", "R", 78.74, 78.74, 0, 0, 180],
		[170, "PAD60_1", 1068.11, -1090, "T", "SMD", "VCC", "", "R", 78.74, 78.74, 0, 0, 180],
		[171, "PAD61_2", 1152.44, -365, "B", "SMD", "VCC", "", "R", 31.496, 35.433, 0, 0, 180],
		[172, "PAD62_1", 1207.56, -365, "B", "SMD", "BUTTON1", "", "R", 31.496, 35.433, 0, 0, 180],
		[173, "PAD63_2", 1450.34, -605, "B", "SMD", "GND", "GND", "R", 31.751, 34.016, 0, 0, 180],
		[174, "PAD64_1", 1509.66, -605, "B", "SMD", "BUTTON2", "", "R", 31.751, 34.016, 0, 0, 180],
		[175, "PAD65_2", 1452.44, -530, "B", "SMD", "VCC", "", "R", 31.496, 35.433, 0, 0, 180],
		[176, "PAD66_1", 1507.56, -530, "B", "SMD", "BUTTON2", "", "R", 31.496, 35.433, 0, 0, 180],
		[177, "PAD67_2", 1062.56, -870, "B", "SMD", "VCC", "", "R", 31.496, 35.433, 0, 0, 0],
		[178, "PAD68_1", 1007.44, -870, "B", "SMD", "BUTTON3", "", "R", 31.496, 35.433, 0, 0, 0],
		[179, "PAD69_2", 1064.66, -790, "B", "SMD", "GND", "GND", "R", 31.751, 34.016, 0, 0, 0],
		[180, "PAD70_1", 1005.34, -790, "B", "SMD", "BUTTON3", "", "R", 31.751, 34.016, 0, 0, 0],
		[181, "PAD71_2", 818.0595, -768.2061, "B", "SMD", "GND", "GND", "R", 31.751, 34.016, 0, 0, 180],
		[182, "PAD72_1", 877.3795, -768.2061, "B", "SMD", "BUTTON4", "", "R", 31.751, 34.016, 0, 0, 180],
		[183, "PAD73_2", 886.4575, -700.5985, "B", "SMD", "VCC", "", "R", 31.496, 35.433, 0, 0, 180],
		[184, "PAD74_1", 941.5775, -700.5985, "B", "SMD", "BUTTON4", "", "R", 31.496, 35.433, 0, 0, 180]
	]
}
}